Lake.Code,SampleID,Station,Month,Day,Year,Time,Pool.Elevation,Surface.Temp,Secchi,Conductivity,Gear.Code,Gear.Length,Habitat,Effort,Species.Code,Number.of.individuals,TL_mm,Wt_g
BLACK,BLACK71129201131,7,11,29,2011,1308,937,11,12,331,31,65,NA,22,106,1,228,118
BLACK,BLACK71129201131,7,11,29,2011,1308,937,11,12,331,31,65,NA,22,106,1,198,82
BLACK,BLACK71129201131,7,11,29,2011,1308,937,11,12,331,31,65,NA,22,106,1,232,132
BLACK,BLACK71129201131,7,11,29,2011,1308,937,11,12,331,31,65,NA,22,106,1,239,125
BLACK,BLACK71129201131,7,11,29,2011,1308,937,11,12,331,31,65,NA,22,106,1,170,48
BLACK,BLACK71129201131,7,11,29,2011,1308,937,11,12,331,31,65,NA,22,106,1,170,48
BLACK,BLACK71129201131,7,11,29,2011,1308,937,11,12,331,31,65,NA,22,106,1,172,48
BLACK,BLACK71129201131,7,11,29,2011,1308,937,11,12,331,31,65,NA,22,106,1,232,127
BLACK,BLACK71129201131,7,11,29,2011,1308,937,11,12,331,31,65,NA,22,106,1,233,125
BLACK,BLACK71129201131,7,11,29,2011,1308,937,11,12,331,31,65,NA,22,106,1,310,483
BLACK,BLACK71129201131,7,11,29,2011,1308,937,11,12,331,31,65,NA,22,106,1,355,660
BLACK,BLACK71129201131,7,11,29,2011,1308,937,11,12,331,31,65,NA,22,106,1,180,61
BLACK,BLACK71129201131,7,11,29,2011,1308,937,11,12,331,31,65,NA,22,106,1,223,120
BLACK,BLACK71129201131,7,11,29,2011,1308,937,11,12,331,31,65,NA,22,106,1,234,122
BLACK,BLACK71129201131,7,11,29,2011,1308,937,11,12,331,31,65,NA,22,106,1,173,52
BLACK,BLACK71129201131,7,11,29,2011,1308,937,11,12,331,31,65,NA,22,106,1,225,126
BLACK,BLACK71129201131,7,11,29,2011,1308,937,11,12,331,31,65,NA,22,106,1,202,90
BLACK,BLACK71129201131,7,11,29,2011,1308,937,11,12,331,31,65,NA,22,106,1,121,16
BLACK,BLACK71129201131,7,11,29,2011,1308,937,11,12,331,31,65,NA,22,106,1,121,16
BLACK,BLACK71129201131,7,11,29,2011,1308,937,11,12,331,31,65,NA,22,106,1,119,16
BLACK,BLACK71129201131,7,11,29,2011,1308,937,11,12,331,31,65,NA,22,106,1,99,10
BLACK,BLACK71129201131,7,11,29,2011,1308,937,11,12,331,31,65,NA,22,106,1,165,44
BLACK,BLACK71129201131,7,11,29,2011,1308,937,11,12,331,31,65,NA,22,106,1,165,44
BLACK,BLACK71129201131,7,11,29,2011,1308,937,11,12,331,31,65,NA,22,106,1,160,38
BLACK,BLACK71129201131,7,11,29,2011,1308,937,11,12,331,31,65,NA,22,106,1,175,56
BLACK,BLACK71129201131,7,11,29,2011,1308,937,11,12,331,31,65,NA,22,106,1,275,276
BLACK,BLACK71129201131,7,11,29,2011,1308,937,11,12,331,31,65,NA,22,106,1,215,104
BLACK,BLACK71129201131,7,11,29,2011,1308,937,11,12,331,31,65,NA,22,106,1,117,12
BLACK,BLACK71129201131,7,11,29,2011,1308,937,11,12,331,31,65,NA,22,106,1,170,48
BLACK,BLACK71129201131,7,11,29,2011,1308,937,11,12,331,31,65,NA,22,106,1,203,88
BLACK,BLACK71129201131,7,11,29,2011,1308,937,11,12,331,31,65,NA,22,106,1,210,96
BLACK,BLACK71129201131,7,11,29,2011,1308,937,11,12,331,31,65,NA,22,106,1,167,42
BLACK,BLACK71129201131,7,11,29,2011,1308,937,11,12,331,31,65,NA,22,106,1,122,16
BLACK,BLACK71129201131,7,11,29,2011,1308,937,11,12,331,31,65,NA,22,106,1,174,50
BLACK,BLACK71129201131,7,11,29,2011,1308,937,11,12,331,31,65,NA,22,106,1,226,112
BLACK,BLACK71129201131,7,11,29,2011,1308,937,11,12,331,31,65,NA,22,106,1,214,106
BLACK,BLACK71129201131,7,11,29,2011,1308,937,11,12,331,31,65,NA,22,106,1,199,76
BLACK,BLACK71129201131,7,11,29,2011,1308,937,11,12,331,31,65,NA,22,106,1,230,140
BLACK,BLACK71129201131,7,11,29,2011,1308,937,11,12,331,31,65,NA,22,106,1,120,12
BLACK,BLACK71129201131,7,11,29,2011,1308,937,11,12,331,31,65,NA,22,106,1,170,40
BLACK,BLACK71129201131,7,11,29,2011,1308,937,11,12,331,31,65,NA,22,106,1,265,150
BLACK,BLACK71129201131,7,11,29,2011,1308,937,11,12,331,31,65,NA,22,106,1,244,142
BLACK,BLACK71129201131,7,11,29,2011,1308,937,11,12,331,31,65,NA,22,106,1,219,102
BLACK,BLACK71129201131,7,11,29,2011,1308,937,11,12,331,31,65,NA,22,106,1,219,104
BLACK,BLACK71129201131,7,11,29,2011,1308,937,11,12,331,31,65,NA,22,106,1,185,70
BLACK,BLACK71129201131,7,11,29,2011,1308,937,11,12,331,31,65,NA,22,106,1,174,52
BLACK,BLACK71129201131,7,11,29,2011,1308,937,11,12,331,31,65,NA,22,106,1,182,54
BLACK,BLACK71129201131,7,11,29,2011,1308,937,11,12,331,31,65,NA,22,106,1,167,44
BLACK,BLACK71129201131,7,11,29,2011,1308,937,11,12,331,31,65,NA,22,106,1,166,44
BLACK,BLACK71129201131,7,11,29,2011,1308,937,11,12,331,31,65,NA,22,106,1,115,12
BLACK,BLACK61129201131,6,11,29,2011,1253,937,11,12,326,31,65,NA,22,106,1,300,420
BLACK,BLACK61129201131,6,11,29,2011,1253,937,11,12,326,31,65,NA,22,106,1,273,266
BLACK,BLACK61129201131,6,11,29,2011,1253,937,11,12,326,31,65,NA,22,106,1,211,104
BLACK,BLACK61129201131,6,11,29,2011,1253,937,11,12,326,31,65,NA,22,106,1,178,56
BLACK,BLACK61129201131,6,11,29,2011,1253,937,11,12,326,31,65,NA,22,106,1,220,104
BLACK,BLACK61129201131,6,11,29,2011,1253,937,11,12,326,31,65,NA,22,106,1,214,106
BLACK,BLACK61129201131,6,11,29,2011,1253,937,11,12,326,31,65,NA,22,106,1,171,54
BLACK,BLACK61129201131,6,11,29,2011,1253,937,11,12,326,31,65,NA,22,106,1,179,54
BLACK,BLACK61129201131,6,11,29,2011,1253,937,11,12,326,31,65,NA,22,106,1,185,56
BLACK,BLACK61129201131,6,11,29,2011,1253,937,11,12,326,31,65,NA,22,106,1,189,74
BLACK,BLACK61129201131,6,11,29,2011,1253,937,11,12,326,31,65,NA,22,106,1,199,80
BLACK,BLACK61129201131,6,11,29,2011,1253,937,11,12,326,31,65,NA,22,106,1,208,100
BLACK,BLACK61129201131,6,11,29,2011,1253,937,11,12,326,31,65,NA,22,106,1,176,54
BLACK,BLACK61129201131,6,11,29,2011,1253,937,11,12,326,31,65,NA,22,106,1,178,60
BLACK,BLACK61129201131,6,11,29,2011,1253,937,11,12,326,31,65,NA,22,106,1,211,94
BLACK,BLACK61129201131,6,11,29,2011,1253,937,11,12,326,31,65,NA,22,106,1,167,50
BLACK,BLACK61129201131,6,11,29,2011,1253,937,11,12,326,31,65,NA,22,106,1,179,56
BLACK,BLACK61129201131,6,11,29,2011,1253,937,11,12,326,31,65,NA,22,106,1,174,52
BLACK,BLACK61129201131,6,11,29,2011,1253,937,11,12,326,31,65,NA,22,106,1,193,80
BLACK,BLACK61129201131,6,11,29,2011,1253,937,11,12,326,31,65,NA,22,106,1,190,84
BLACK,BLACK61129201131,6,11,29,2011,1253,937,11,12,326,31,65,NA,22,106,1,171,58
BLACK,BLACK61129201131,6,11,29,2011,1253,937,11,12,326,31,65,NA,22,106,1,169,50
BLACK,BLACK61129201131,6,11,29,2011,1253,937,11,12,326,31,65,NA,22,106,1,180,60
BLACK,BLACK61129201131,6,11,29,2011,1253,937,11,12,326,31,65,NA,22,106,1,154,38
BLACK,BLACK61129201131,6,11,29,2011,1253,937,11,12,326,31,65,NA,22,106,1,168,52
BLACK,BLACK61129201131,6,11,29,2011,1253,937,11,12,326,31,65,NA,22,106,1,198,76
BLACK,BLACK61129201131,6,11,29,2011,1253,937,11,12,326,31,65,NA,22,106,1,218,104
BLACK,BLACK61129201131,6,11,29,2011,1253,937,11,12,326,31,65,NA,22,106,1,178,60
BLACK,BLACK61129201131,6,11,29,2011,1253,937,11,12,326,31,65,NA,22,106,1,300,424
BLACK,BLACK61129201131,6,11,29,2011,1253,937,11,12,326,31,65,NA,22,106,1,227,128
BLACK,BLACK61129201131,6,11,29,2011,1253,937,11,12,326,31,65,NA,22,106,1,237,156
BLACK,BLACK61129201131,6,11,29,2011,1253,937,11,12,326,31,65,NA,22,106,1,304,456
BLACK,BLACK61129201131,6,11,29,2011,1253,937,11,12,326,31,65,NA,22,106,1,175,54
BLACK,BLACK61129201131,6,11,29,2011,1253,937,11,12,326,31,65,NA,22,106,1,180,60
BLACK,BLACK61129201131,6,11,29,2011,1253,937,11,12,326,31,65,NA,22,106,1,173,54
BLACK,BLACK61129201131,6,11,29,2011,1253,937,11,12,326,31,65,NA,22,106,1,178,60
BLACK,BLACK61129201131,6,11,29,2011,1253,937,11,12,326,31,65,NA,22,106,1,183,58
BLACK,BLACK61129201131,6,11,29,2011,1253,937,11,12,326,31,65,NA,22,106,1,170,52
BLACK,BLACK61129201131,6,11,29,2011,1253,937,11,12,326,31,65,NA,22,106,1,173,54
BLACK,BLACK61129201131,6,11,29,2011,1253,937,11,12,326,31,65,NA,22,106,1,184,68
BLACK,BLACK61129201131,6,11,29,2011,1253,937,11,12,326,31,65,NA,22,106,1,210,98
BLACK,BLACK61129201131,6,11,29,2011,1253,937,11,12,326,31,65,NA,22,106,1,175,56
BLACK,BLACK61129201131,6,11,29,2011,1253,937,11,12,326,31,65,NA,22,106,1,197,82
BLACK,BLACK61129201131,6,11,29,2011,1253,937,11,12,326,31,65,NA,22,106,1,191,72
BLACK,BLACK61129201131,6,11,29,2011,1253,937,11,12,326,31,65,NA,22,106,1,177,66
BLACK,BLACK61129201131,6,11,29,2011,1253,937,11,12,326,31,65,NA,22,106,1,183,60
BLACK,BLACK61129201131,6,11,29,2011,1253,937,11,12,326,31,65,NA,22,106,1,189,68
BLACK,BLACK61129201131,6,11,29,2011,1253,937,11,12,326,31,65,NA,22,106,1,215,106
BLACK,BLACK61129201131,6,11,29,2011,1253,937,11,12,326,31,65,NA,22,106,1,214,112
BLACK,BLACK61129201131,6,11,29,2011,1253,937,11,12,326,31,65,NA,22,106,1,160,46
BLACK,BLACK61129201131,6,11,29,2011,1253,937,11,12,326,31,65,NA,22,106,1,155,38
BLACK,BLACK61129201131,6,11,29,2011,1253,937,11,12,326,31,65,NA,22,106,1,153,38
BLACK,BLACK61129201131,6,11,29,2011,1253,937,11,12,326,31,65,NA,22,106,1,173,56
BLACK,BLACK61129201131,6,11,29,2011,1253,937,11,12,326,31,65,NA,22,106,1,182,60
BLACK,BLACK61129201131,6,11,29,2011,1253,937,11,12,326,31,65,NA,22,106,1,180,60
BLACK,BLACK61129201131,6,11,29,2011,1253,937,11,12,326,31,65,NA,22,106,1,161,44
BLACK,BLACK61129201131,6,11,29,2011,1253,937,11,12,326,31,65,NA,22,106,1,180,58
BLACK,BLACK61129201131,6,11,29,2011,1253,937,11,12,326,31,65,NA,22,106,1,190,78
BLACK,BLACK61129201131,6,11,29,2011,1253,937,11,12,326,31,65,NA,22,106,1,180,60
BLACK,BLACK61129201131,6,11,29,2011,1253,937,11,12,326,31,65,NA,22,106,1,182,68
BLACK,BLACK61129201131,6,11,29,2011,1253,937,11,12,326,31,65,NA,22,106,1,170,50
BLACK,BLACK61129201131,6,11,29,2011,1253,937,11,12,326,31,65,NA,22,106,1,180,62
BLACK,BLACK61129201131,6,11,29,2011,1253,937,11,12,326,31,65,NA,22,106,1,205,86
BLACK,BLACK61129201131,6,11,29,2011,1253,937,11,12,326,31,65,NA,22,106,1,221,116
BLACK,BLACK61129201131,6,11,29,2011,1253,937,11,12,326,31,65,NA,22,106,1,203,98
BLACK,BLACK61129201131,6,11,29,2011,1253,937,11,12,326,31,65,NA,22,106,1,122,18
BLACK,BLACK61129201131,6,11,29,2011,1253,937,11,12,326,31,65,NA,22,106,1,116,18
BLACK,BLACK61129201131,6,11,29,2011,1253,937,11,12,326,31,65,NA,22,106,1,117,16
BLACK,BLACK61129201131,6,11,29,2011,1253,937,11,12,326,31,65,NA,22,106,1,108,6
BLACK,BLACK61129201131,6,11,29,2011,1253,937,11,12,326,31,65,NA,22,106,1,109,8
BLACK,BLACK61129201131,6,11,29,2011,1253,937,11,12,326,31,65,NA,22,106,1,111,8
BLACK,BLACK51129201131,5,11,29,2011,1243,937,11,12,99999,31,65,NA,22,106,1,222,106
BLACK,BLACK51129201131,5,11,29,2011,1243,937,11,12,99999,31,65,NA,22,106,1,199,94
BLACK,BLACK51129201131,5,11,29,2011,1243,937,11,12,99999,31,65,NA,22,106,1,200,90
BLACK,BLACK51129201131,5,11,29,2011,1243,937,11,12,99999,31,65,NA,22,106,1,212,98
BLACK,BLACK51129201131,5,11,29,2011,1243,937,11,12,99999,31,65,NA,22,106,1,232,136
BLACK,BLACK51129201131,5,11,29,2011,1243,937,11,12,99999,31,65,NA,22,106,1,208,88
BLACK,BLACK51129201131,5,11,29,2011,1243,937,11,12,99999,31,65,NA,22,106,1,205,88
BLACK,BLACK51129201131,5,11,29,2011,1243,937,11,12,99999,31,65,NA,22,106,1,305,390
BLACK,BLACK51129201131,5,11,29,2011,1243,937,11,12,99999,31,65,NA,22,106,1,192,76
BLACK,BLACK51129201131,5,11,29,2011,1243,937,11,12,99999,31,65,NA,22,106,1,185,58
BLACK,BLACK51129201131,5,11,29,2011,1243,937,11,12,99999,31,65,NA,22,106,1,178,60
BLACK,BLACK51129201131,5,11,29,2011,1243,937,11,12,99999,31,65,NA,22,106,1,213,108
BLACK,BLACK51129201131,5,11,29,2011,1243,937,11,12,99999,31,65,NA,22,106,1,195,60
BLACK,BLACK51129201131,5,11,29,2011,1243,937,11,12,99999,31,65,NA,22,106,1,176,56
BLACK,BLACK51129201131,5,11,29,2011,1243,937,11,12,99999,31,65,NA,22,106,1,117,14
BLACK,BLACK51129201131,5,11,29,2011,1243,937,11,12,99999,31,65,NA,22,106,1,99,6
BLACK,BLACK51129201131,5,11,29,2011,1243,937,11,12,99999,31,65,NA,22,106,1,85,6
BLACK,BLACK51129201131,5,11,29,2011,1243,937,11,12,99999,31,65,NA,22,106,1,240,152
BLACK,BLACK51129201131,5,11,29,2011,1243,937,11,12,99999,31,65,NA,22,106,1,165,46
BLACK,BLACK51129201131,5,11,29,2011,1243,937,11,12,99999,31,65,NA,22,106,1,161,46
BLACK,BLACK51129201131,5,11,29,2011,1243,937,11,12,99999,31,65,NA,22,106,1,182,60
BLACK,BLACK51129201131,5,11,29,2011,1243,937,11,12,99999,31,65,NA,22,106,1,205,94
BLACK,BLACK51129201131,5,11,29,2011,1243,937,11,12,99999,31,65,NA,22,106,1,177,58
BLACK,BLACK51129201131,5,11,29,2011,1243,937,11,12,99999,31,65,NA,22,106,1,157,38
BLACK,BLACK51129201131,5,11,29,2011,1243,937,11,12,99999,31,65,NA,22,106,1,208,92
BLACK,BLACK51129201131,5,11,29,2011,1243,937,11,12,99999,31,65,NA,22,106,1,229,120
BLACK,BLACK51129201131,5,11,29,2011,1243,937,11,12,99999,31,65,NA,22,106,1,168,46
BLACK,BLACK51129201131,5,11,29,2011,1243,937,11,12,99999,31,65,NA,22,106,1,257,202
BLACK,BLACK51129201131,5,11,29,2011,1243,937,11,12,99999,31,65,NA,22,106,1,230,128
BLACK,BLACK51129201131,5,11,29,2011,1243,937,11,12,99999,31,65,NA,22,106,1,232,114
BLACK,BLACK51129201131,5,11,29,2011,1243,937,11,12,99999,31,65,NA,22,106,1,164,40
BLACK,BLACK51129201131,5,11,29,2011,1243,937,11,12,99999,31,65,NA,22,106,1,177,52
BLACK,BLACK51129201131,5,11,29,2011,1243,937,11,12,99999,31,65,NA,22,106,1,192,74
BLACK,BLACK51129201131,5,11,29,2011,1243,937,11,12,99999,31,65,NA,22,106,1,177,54
BLACK,BLACK51129201131,5,11,29,2011,1243,937,11,12,99999,31,65,NA,22,106,1,168,46
BLACK,BLACK51129201131,5,11,29,2011,1243,937,11,12,99999,31,65,NA,22,106,1,197,76
BLACK,BLACK51129201131,5,11,29,2011,1243,937,11,12,99999,31,65,NA,22,106,1,219,108
BLACK,BLACK51129201131,5,11,29,2011,1243,937,11,12,99999,31,65,NA,22,106,1,172,50
BLACK,BLACK51129201131,5,11,29,2011,1243,937,11,12,99999,31,65,NA,22,106,1,166,50
BLACK,BLACK51129201131,5,11,29,2011,1243,937,11,12,99999,31,65,NA,22,106,1,168,48
BLACK,BLACK51129201131,5,11,29,2011,1243,937,11,12,99999,31,65,NA,22,106,1,174,50
BLACK,BLACK51129201131,5,11,29,2011,1243,937,11,12,99999,31,65,NA,22,106,1,186,66
BLACK,BLACK51129201131,5,11,29,2011,1243,937,11,12,99999,31,65,NA,22,106,1,189,68
BLACK,BLACK51129201131,5,11,29,2011,1243,937,11,12,99999,31,65,NA,22,106,1,175,56
BLACK,BLACK51129201131,5,11,29,2011,1243,937,11,12,99999,31,65,NA,22,106,1,124,18
BLACK,BLACK51129201131,5,11,29,2011,1243,937,11,12,99999,31,65,NA,22,106,1,169,48
BLACK,BLACK51129201131,5,11,29,2011,1243,937,11,12,99999,31,65,NA,22,106,1,185,58
BLACK,BLACK41129201131,4,11,29,2011,1229,937,11,14,326,31,65,NA,22,106,1,233,116
BLACK,BLACK41129201131,4,11,29,2011,1229,937,11,14,326,31,65,NA,22,106,1,295,404
BLACK,BLACK41129201131,4,11,29,2011,1229,937,11,14,326,31,65,NA,22,106,1,167,42
BLACK,BLACK41129201131,4,11,29,2011,1229,937,11,14,326,31,65,NA,22,106,1,212,92
BLACK,BLACK41129201131,4,11,29,2011,1229,937,11,14,326,31,65,NA,22,106,1,217,100
BLACK,BLACK41129201131,4,11,29,2011,1229,937,11,14,326,31,65,NA,22,106,1,198,76
BLACK,BLACK41129201131,4,11,29,2011,1229,937,11,14,326,31,65,NA,22,106,1,195,70
BLACK,BLACK41129201131,4,11,29,2011,1229,937,11,14,326,31,65,NA,22,106,1,175,56
BLACK,BLACK41129201131,4,11,29,2011,1229,937,11,14,326,31,65,NA,22,106,1,214,98
BLACK,BLACK41129201131,4,11,29,2011,1229,937,11,14,326,31,65,NA,22,106,1,173,52
BLACK,BLACK41129201131,4,11,29,2011,1229,937,11,14,326,31,65,NA,22,106,1,172,52
BLACK,BLACK41129201131,4,11,29,2011,1229,937,11,14,326,31,65,NA,22,106,1,268,290
BLACK,BLACK41129201131,4,11,29,2011,1229,937,11,14,326,31,65,NA,22,106,1,220,98
BLACK,BLACK41129201131,4,11,29,2011,1229,937,11,14,326,31,65,NA,22,106,1,223,106
BLACK,BLACK41129201131,4,11,29,2011,1229,937,11,14,326,31,65,NA,22,106,1,217,100
BLACK,BLACK41129201131,4,11,29,2011,1229,937,11,14,326,31,65,NA,22,106,1,172,46
BLACK,BLACK41129201131,4,11,29,2011,1229,937,11,14,326,31,65,NA,22,106,1,195,62
BLACK,BLACK41129201131,4,11,29,2011,1229,937,11,14,326,31,65,NA,22,106,1,213,88
BLACK,BLACK41129201131,4,11,29,2011,1229,937,11,14,326,31,65,NA,22,106,1,190,60
BLACK,BLACK41129201131,4,11,29,2011,1229,937,11,14,326,31,65,NA,22,106,1,188,68
BLACK,BLACK41129201131,4,11,29,2011,1229,937,11,14,326,31,65,NA,22,106,1,229,110
BLACK,BLACK41129201131,4,11,29,2011,1229,937,11,14,326,31,65,NA,22,106,1,226,110
BLACK,BLACK41129201131,4,11,29,2011,1229,937,11,14,326,31,65,NA,22,106,1,194,84
BLACK,BLACK41129201131,4,11,29,2011,1229,937,11,14,326,31,65,NA,22,106,1,200,88
BLACK,BLACK41129201131,4,11,29,2011,1229,937,11,14,326,31,65,NA,22,106,1,218,110
BLACK,BLACK41129201131,4,11,29,2011,1229,937,11,14,326,31,65,NA,22,106,1,101,6
BLACK,BLACK31129201131,3,11,29,2011,1216,937,11,14,326,31,65,NA,22,106,1,182,62
BLACK,BLACK31129201131,3,11,29,2011,1216,937,11,14,326,31,65,NA,22,106,1,170,50
BLACK,BLACK31129201131,3,11,29,2011,1216,937,11,14,326,31,65,NA,22,106,1,169,44
BLACK,BLACK31129201131,3,11,29,2011,1216,937,11,14,326,31,65,NA,22,106,1,183,62
BLACK,BLACK31129201131,3,11,29,2011,1216,937,11,14,326,31,65,NA,22,106,1,189,68
BLACK,BLACK31129201131,3,11,29,2011,1216,937,11,14,326,31,65,NA,22,106,1,167,44
BLACK,BLACK31129201131,3,11,29,2011,1216,937,11,14,326,31,65,NA,22,106,1,167,46
BLACK,BLACK31129201131,3,11,29,2011,1216,937,11,14,326,31,65,NA,22,106,1,178,46
BLACK,BLACK31129201131,3,11,29,2011,1216,937,11,14,326,31,65,NA,22,106,1,220,108
BLACK,BLACK31129201131,3,11,29,2011,1216,937,11,14,326,31,65,NA,22,106,1,220,106
BLACK,BLACK31129201131,3,11,29,2011,1216,937,11,14,326,31,65,NA,22,106,1,225,122
BLACK,BLACK31129201131,3,11,29,2011,1216,937,11,14,326,31,65,NA,22,106,1,210,96
BLACK,BLACK31129201131,3,11,29,2011,1216,937,11,14,326,31,65,NA,22,106,1,219,102
BLACK,BLACK31129201131,3,11,29,2011,1216,937,11,14,326,31,65,NA,22,106,1,276,286
BLACK,BLACK31129201131,3,11,29,2011,1216,937,11,14,326,31,65,NA,22,106,1,170,48
BLACK,BLACK31129201131,3,11,29,2011,1216,937,11,14,326,31,65,NA,22,106,1,269,260
BLACK,BLACK31129201131,3,11,29,2011,1216,937,11,14,326,31,65,NA,22,106,1,170,40
BLACK,BLACK31129201131,3,11,29,2011,1216,937,11,14,326,31,65,NA,22,106,1,111,8
BLACK,BLACK31129201131,3,11,29,2011,1216,937,11,14,326,31,65,NA,22,106,1,105,6
BLACK,BLACK31129201131,3,11,29,2011,1216,937,11,14,326,31,65,NA,22,106,1,108,6
BLACK,BLACK31129201131,3,11,29,2011,1216,937,11,14,326,31,65,NA,22,106,1,94,6
BLACK,BLACK31129201131,3,11,29,2011,1216,937,11,14,326,31,65,NA,22,106,1,107,6
BLACK,BLACK31129201131,3,11,29,2011,1216,937,11,14,326,31,65,NA,22,106,1,287,366
BLACK,BLACK31129201131,3,11,29,2011,1216,937,11,14,326,31,65,NA,22,106,1,180,56
BLACK,BLACK31129201131,3,11,29,2011,1216,937,11,14,326,31,65,NA,22,106,1,179,56
BLACK,BLACK31129201131,3,11,29,2011,1216,937,11,14,326,31,65,NA,22,106,1,169,48
BLACK,BLACK31129201131,3,11,29,2011,1216,937,11,14,326,31,65,NA,22,106,1,174,48
BLACK,BLACK31129201131,3,11,29,2011,1216,937,11,14,326,31,65,NA,22,106,1,213,104
BLACK,BLACK31129201131,3,11,29,2011,1216,937,11,14,326,31,65,NA,22,106,1,218,110
BLACK,BLACK31129201131,3,11,29,2011,1216,937,11,14,326,31,65,NA,22,106,1,181,60
BLACK,BLACK31129201131,3,11,29,2011,1216,937,11,14,326,31,65,NA,22,106,1,195,70
BLACK,BLACK31129201131,3,11,29,2011,1216,937,11,14,326,31,65,NA,22,106,1,180,58
BLACK,BLACK31129201131,3,11,29,2011,1216,937,11,14,326,31,65,NA,22,106,1,110,8
BLACK,BLACK31129201131,3,11,29,2011,1216,937,11,14,326,31,65,NA,22,106,1,166,46
BLACK,BLACK31129201131,3,11,29,2011,1216,937,11,14,326,31,65,NA,22,106,1,172,48
BLACK,BLACK31129201131,3,11,29,2011,1216,937,11,14,326,31,65,NA,22,106,1,110,12
BLACK,BLACK31129201131,3,11,29,2011,1216,937,11,14,326,31,65,NA,22,106,1,120,14
BLACK,BLACK31129201131,3,11,29,2011,1216,937,11,14,326,31,65,NA,22,106,1,100,6
BLACK,BLACK31129201131,3,11,29,2011,1216,937,11,14,326,31,65,NA,22,106,1,84,4
BLACK,BLACK31129201131,3,11,29,2011,1216,937,11,14,326,31,65,NA,22,106,1,108,6
BLACK,BLACK31129201131,3,11,29,2011,1216,937,11,14,326,31,65,NA,22,106,1,110,12
BLACK,BLACK31129201131,3,11,29,2011,1216,937,11,14,326,31,65,NA,22,106,1,113,12
BLACK,BLACK31129201131,3,11,29,2011,1216,937,11,14,326,31,65,NA,22,106,1,179,58
BLACK,BLACK31129201131,3,11,29,2011,1216,937,11,14,326,31,65,NA,22,106,1,167,46
BLACK,BLACK31129201131,3,11,29,2011,1216,937,11,14,326,31,65,NA,22,106,1,174,56
BLACK,BLACK31129201131,3,11,29,2011,1216,937,11,14,326,31,65,NA,22,106,1,178,58
BLACK,BLACK31129201131,3,11,29,2011,1216,937,11,14,326,31,65,NA,22,106,1,162,38
BLACK,BLACK31129201131,3,11,29,2011,1216,937,11,14,326,31,65,NA,22,106,1,116,12
BLACK,BLACK31129201131,3,11,29,2011,1216,937,11,14,326,31,65,NA,22,106,1,114,10
BLACK,BLACK31129201131,3,11,29,2011,1216,937,11,14,326,31,65,NA,22,106,1,175,52
BLACK,BLACK31129201131,3,11,29,2011,1216,937,11,14,326,31,65,NA,22,107,1,170,62
BLACK,BLACK21129201131,2,11,29,2011,1159,937,11,14,326,31,65,NA,22,106,1,203,86
BLACK,BLACK21129201131,2,11,29,2011,1159,937,11,14,326,31,65,NA,22,106,1,187,60
BLACK,BLACK21129201131,2,11,29,2011,1159,937,11,14,326,31,65,NA,22,106,1,170,48
BLACK,BLACK21129201131,2,11,29,2011,1159,937,11,14,326,31,65,NA,22,106,1,235,138
BLACK,BLACK21129201131,2,11,29,2011,1159,937,11,14,326,31,65,NA,22,106,1,203,88
BLACK,BLACK21129201131,2,11,29,2011,1159,937,11,14,326,31,65,NA,22,106,1,229,120
BLACK,BLACK21129201131,2,11,29,2011,1159,937,11,14,326,31,65,NA,22,106,1,214,100
BLACK,BLACK21129201131,2,11,29,2011,1159,937,11,14,326,31,65,NA,22,106,1,213,110
BLACK,BLACK21129201131,2,11,29,2011,1159,937,11,14,326,31,65,NA,22,106,1,232,126
BLACK,BLACK21129201131,2,11,29,2011,1159,937,11,14,326,31,65,NA,22,106,1,188,62
BLACK,BLACK21129201131,2,11,29,2011,1159,937,11,14,326,31,65,NA,22,106,1,177,58
BLACK,BLACK21129201131,2,11,29,2011,1159,937,11,14,326,31,65,NA,22,106,1,209,92
BLACK,BLACK21129201131,2,11,29,2011,1159,937,11,14,326,31,65,NA,22,106,1,164,40
BLACK,BLACK21129201131,2,11,29,2011,1159,937,11,14,326,31,65,NA,22,106,1,117,12
BLACK,BLACK21129201131,2,11,29,2011,1159,937,11,14,326,31,65,NA,22,106,1,108,6
BLACK,BLACK21129201131,2,11,29,2011,1159,937,11,14,326,31,65,NA,22,106,1,101,6
BLACK,BLACK21129201131,2,11,29,2011,1159,937,11,14,326,31,65,NA,22,106,1,90,4
BLACK,BLACK21129201131,2,11,29,2011,1159,937,11,14,326,31,65,NA,22,106,1,100,6
BLACK,BLACK21129201131,2,11,29,2011,1159,937,11,14,326,31,65,NA,22,106,1,212,98
BLACK,BLACK21129201131,2,11,29,2011,1159,937,11,14,326,31,65,NA,22,106,1,175,56
BLACK,BLACK21129201131,2,11,29,2011,1159,937,11,14,326,31,65,NA,22,106,1,175,48
BLACK,BLACK21129201131,2,11,29,2011,1159,937,11,14,326,31,65,NA,22,106,1,213,100
BLACK,BLACK21129201131,2,11,29,2011,1159,937,11,14,326,31,65,NA,22,106,1,243,132
BLACK,BLACK21129201131,2,11,29,2011,1159,937,11,14,326,31,65,NA,22,106,1,206,98
BLACK,BLACK21129201131,2,11,29,2011,1159,937,11,14,326,31,65,NA,22,106,1,214,106
BLACK,BLACK21129201131,2,11,29,2011,1159,937,11,14,326,31,65,NA,22,106,1,180,54
BLACK,BLACK21129201131,2,11,29,2011,1159,937,11,14,326,31,65,NA,22,106,1,110,12
BLACK,BLACK21129201131,2,11,29,2011,1159,937,11,14,326,31,65,NA,22,106,1,95,6
BLACK,BLACK21129201131,2,11,29,2011,1159,937,11,14,326,31,65,NA,22,106,1,112,12
BLACK,BLACK21129201131,2,11,29,2011,1159,937,11,14,326,31,65,NA,22,106,1,110,12
BLACK,BLACK21129201131,2,11,29,2011,1159,937,11,14,326,31,65,NA,22,106,1,188,58
BLACK,BLACK21129201131,2,11,29,2011,1159,937,11,14,326,31,65,NA,22,106,1,172,50
BLACK,BLACK21129201131,2,11,29,2011,1159,937,11,14,326,31,65,NA,22,106,1,215,108
BLACK,BLACK21129201131,2,11,29,2011,1159,937,11,14,326,31,65,NA,22,106,1,210,96
BLACK,BLACK21129201131,2,11,29,2011,1159,937,11,14,326,31,65,NA,22,106,1,180,54
BLACK,BLACK21129201131,2,11,29,2011,1159,937,11,14,326,31,65,NA,22,106,1,173,52
BLACK,BLACK21129201131,2,11,29,2011,1159,937,11,14,326,31,65,NA,22,106,1,180,56
BLACK,BLACK21129201131,2,11,29,2011,1159,937,11,14,326,31,65,NA,22,106,1,112,12
BLACK,BLACK11129201131,1,11,29,2011,1145,937,11,14,326,31,65,NA,22,106,1,301,428
BLACK,BLACK11129201131,1,11,29,2011,1145,937,11,14,326,31,65,NA,22,106,1,279,354
BLACK,BLACK11129201131,1,11,29,2011,1145,937,11,14,326,31,65,NA,22,106,1,306,450
BLACK,BLACK11129201131,1,11,29,2011,1145,937,11,14,326,31,65,NA,22,106,1,321,434
BLACK,BLACK11129201131,1,11,29,2011,1145,937,11,14,326,31,65,NA,22,106,1,235,140
BLACK,BLACK11129201131,1,11,29,2011,1145,937,11,14,326,31,65,NA,22,106,1,256,208
BLACK,BLACK11129201131,1,11,29,2011,1145,937,11,14,326,31,65,NA,22,106,1,231,128
BLACK,BLACK11129201131,1,11,29,2011,1145,937,11,14,326,31,65,NA,22,106,1,229,102
BLACK,BLACK11129201131,1,11,29,2011,1145,937,11,14,326,31,65,NA,22,106,1,205,96
BLACK,BLACK11129201131,1,11,29,2011,1145,937,11,14,326,31,65,NA,22,106,1,162,42
BLACK,BLACK11129201131,1,11,29,2011,1145,937,11,14,326,31,65,NA,22,106,1,205,94
BLACK,BLACK11129201131,1,11,29,2011,1145,937,11,14,326,31,65,NA,22,106,1,204,86
BLACK,BLACK11129201131,1,11,29,2011,1145,937,11,14,326,31,65,NA,22,106,1,226,120
BLACK,BLACK11129201131,1,11,29,2011,1145,937,11,14,326,31,65,NA,22,106,1,199,86
BLACK,BLACK11129201131,1,11,29,2011,1145,937,11,14,326,31,65,NA,22,106,1,190,80
BLACK,BLACK11129201131,1,11,29,2011,1145,937,11,14,326,31,65,NA,22,106,1,243,158
BLACK,BLACK11129201131,1,11,29,2011,1145,937,11,14,326,31,65,NA,22,106,1,236,146
BLACK,BLACK11129201131,1,11,29,2011,1145,937,11,14,326,31,65,NA,22,106,1,220,110
BLACK,BLACK11129201131,1,11,29,2011,1145,937,11,14,326,31,65,NA,22,106,1,201,94
BLACK,BLACK11129201131,1,11,29,2011,1145,937,11,14,326,31,65,NA,22,106,1,207,102
BLACK,BLACK11129201131,1,11,29,2011,1145,937,11,14,326,31,65,NA,22,106,1,210,96
BLACK,BLACK11129201131,1,11,29,2011,1145,937,11,14,326,31,65,NA,22,106,1,229,120
BLACK,BLACK11129201131,1,11,29,2011,1145,937,11,14,326,31,65,NA,22,106,1,180,64
BLACK,BLACK11129201131,1,11,29,2011,1145,937,11,14,326,31,65,NA,22,106,1,180,62
BLACK,BLACK11129201131,1,11,29,2011,1145,937,11,14,326,31,65,NA,22,106,1,165,34
BLACK,BLACK11129201131,1,11,29,2011,1145,937,11,14,326,31,65,NA,22,106,1,180,56
BLACK,BLACK11129201131,1,11,29,2011,1145,937,11,14,326,31,65,NA,22,106,1,172,52
BLACK,BLACK11129201131,1,11,29,2011,1145,937,11,14,326,31,65,NA,22,106,1,172,52
BLACK,BLACK11129201131,1,11,29,2011,1145,937,11,14,326,31,65,NA,22,106,1,168,48
BLACK,BLACK11129201131,1,11,29,2011,1145,937,11,14,326,31,65,NA,22,106,1,121,22
BLACK,BLACK11129201131,1,11,29,2011,1145,937,11,14,326,31,65,NA,22,106,1,99,6
BLACK,BLACK11129201131,1,11,29,2011,1145,937,11,14,326,31,65,NA,22,106,1,105,12
BLACK,BLACK11129201131,1,11,29,2011,1145,937,11,14,326,31,65,NA,22,106,1,175,54
BLACK,BLACK11129201131,1,11,29,2011,1145,937,11,14,326,31,65,NA,22,106,1,108,6
BLACK,BLACK11129201131,1,11,29,2011,1145,937,11,14,326,31,65,NA,22,106,1,NA,NA
BLACK,BLACK81130201131,8,11,30,2011,1004,937,8,10,99999,31,65,NA,22,106,1,201,98
BLACK,BLACK81130201131,8,11,30,2011,1004,937,8,10,99999,31,65,NA,22,106,1,222,120
BLACK,BLACK81130201131,8,11,30,2011,1004,937,8,10,99999,31,65,NA,22,106,1,212,102
BLACK,BLACK81130201131,8,11,30,2011,1004,937,8,10,99999,31,65,NA,22,106,1,232,136
BLACK,BLACK81130201131,8,11,30,2011,1004,937,8,10,99999,31,65,NA,22,106,1,177,62
BLACK,BLACK81130201131,8,11,30,2011,1004,937,8,10,99999,31,65,NA,22,106,1,235,126
BLACK,BLACK81130201131,8,11,30,2011,1004,937,8,10,99999,31,65,NA,22,106,1,238,130
BLACK,BLACK81130201131,8,11,30,2011,1004,937,8,10,99999,31,65,NA,22,106,1,210,104
BLACK,BLACK81130201131,8,11,30,2011,1004,937,8,10,99999,31,65,NA,22,106,1,205,110
BLACK,BLACK81130201131,8,11,30,2011,1004,937,8,10,99999,31,65,NA,22,106,1,181,64
BLACK,BLACK81130201131,8,11,30,2011,1004,937,8,10,99999,31,65,NA,22,106,1,215,114
BLACK,BLACK81130201131,8,11,30,2011,1004,937,8,10,99999,31,65,NA,22,106,1,202,90
BLACK,BLACK81130201131,8,11,30,2011,1004,937,8,10,99999,31,65,NA,22,106,1,202,94
BLACK,BLACK81130201131,8,11,30,2011,1004,937,8,10,99999,31,65,NA,22,106,1,177,54
BLACK,BLACK81130201131,8,11,30,2011,1004,937,8,10,99999,31,65,NA,22,106,1,111,12
BLACK,BLACK81130201131,8,11,30,2011,1004,937,8,10,99999,31,65,NA,22,106,1,121,16
BLACK,BLACK81130201131,8,11,30,2011,1004,937,8,10,99999,31,65,NA,22,106,1,89,6
BLACK,BLACK81130201131,8,11,30,2011,1004,937,8,10,99999,31,65,NA,22,106,1,114,12
BLACK,BLACK81130201131,8,11,30,2011,1004,937,8,10,99999,31,65,NA,22,106,1,107,10
BLACK,BLACK91130201131,9,11,30,2011,1015,937,9,10,99999,31,65,NA,22,106,1,279,306
BLACK,BLACK91130201131,9,11,30,2011,1015,937,9,10,99999,31,65,NA,22,106,1,194,84
BLACK,BLACK91130201131,9,11,30,2011,1015,937,9,10,99999,31,65,NA,22,106,1,193,78
BLACK,BLACK91130201131,9,11,30,2011,1015,937,9,10,99999,31,65,NA,22,106,1,189,64
BLACK,BLACK91130201131,9,11,30,2011,1015,937,9,10,99999,31,65,NA,22,106,1,186,70
BLACK,BLACK91130201131,9,11,30,2011,1015,937,9,10,99999,31,65,NA,22,106,1,294,396
BLACK,BLACK91130201131,9,11,30,2011,1015,937,9,10,99999,31,65,NA,22,106,1,250,174
BLACK,BLACK91130201131,9,11,30,2011,1015,937,9,10,99999,31,65,NA,22,106,1,220,118
BLACK,BLACK91130201131,9,11,30,2011,1015,937,9,10,99999,31,65,NA,22,106,1,230,130
BLACK,BLACK91130201131,9,11,30,2011,1015,937,9,10,99999,31,65,NA,22,106,1,211,94
BLACK,BLACK91130201131,9,11,30,2011,1015,937,9,10,99999,31,65,NA,22,106,1,230,130
BLACK,BLACK91130201131,9,11,30,2011,1015,937,9,10,99999,31,65,NA,22,106,1,223,116
BLACK,BLACK91130201131,9,11,30,2011,1015,937,9,10,99999,31,65,NA,22,106,1,210,96
BLACK,BLACK91130201131,9,11,30,2011,1015,937,9,10,99999,31,65,NA,22,106,1,225,116
BLACK,BLACK91130201131,9,11,30,2011,1015,937,9,10,99999,31,65,NA,22,106,1,180,52
BLACK,BLACK91130201131,9,11,30,2011,1015,937,9,10,99999,31,65,NA,22,106,1,205,86
BLACK,BLACK91130201131,9,11,30,2011,1015,937,9,10,99999,31,65,NA,22,106,1,224,98
BLACK,BLACK91130201131,9,11,30,2011,1015,937,9,10,99999,31,65,NA,22,106,1,170,48
BLACK,BLACK91130201131,9,11,30,2011,1015,937,9,10,99999,31,65,NA,22,106,1,196,76
BLACK,BLACK91130201131,9,11,30,2011,1015,937,9,10,99999,31,65,NA,22,106,1,175,56
BLACK,BLACK91130201131,9,11,30,2011,1015,937,9,10,99999,31,65,NA,22,106,1,320,516
BLACK,BLACK91130201131,9,11,30,2011,1015,937,9,10,99999,31,65,NA,22,106,1,214,94
BLACK,BLACK91130201131,9,11,30,2011,1015,937,9,10,99999,31,65,NA,22,106,1,268,262
BLACK,BLACK91130201131,9,11,30,2011,1015,937,9,10,99999,31,65,NA,22,106,1,177,52
BLACK,BLACK91130201131,9,11,30,2011,1015,937,9,10,99999,31,65,NA,22,106,1,162,40
BLACK,BLACK91130201131,9,11,30,2011,1015,937,9,10,99999,31,65,NA,22,106,1,173,52
BLACK,BLACK91130201131,9,11,30,2011,1015,937,9,10,99999,31,65,NA,22,106,1,231,120
BLACK,BLACK91130201131,9,11,30,2011,1015,937,9,10,99999,31,65,NA,22,106,1,225,106
BLACK,BLACK91130201131,9,11,30,2011,1015,937,9,10,99999,31,65,NA,22,106,1,226,114
BLACK,BLACK91130201131,9,11,30,2011,1015,937,9,10,99999,31,65,NA,22,106,1,184,66
BLACK,BLACK91130201131,9,11,30,2011,1015,937,9,10,99999,31,65,NA,22,106,1,204,90
BLACK,BLACK91130201131,9,11,30,2011,1015,937,9,10,99999,31,65,NA,22,106,1,170,48
BLACK,BLACK91130201131,9,11,30,2011,1015,937,9,10,99999,31,65,NA,22,106,1,194,72
BLACK,BLACK91130201131,9,11,30,2011,1015,937,9,10,99999,31,65,NA,22,106,1,170,44
BLACK,BLACK91130201131,9,11,30,2011,1015,937,9,10,99999,31,65,NA,22,106,1,188,68
BLACK,BLACK91130201131,9,11,30,2011,1015,937,9,10,99999,31,65,NA,22,106,1,175,52
BLACK,BLACK91130201131,9,11,30,2011,1015,937,9,10,99999,31,65,NA,22,106,1,199,74
BLACK,BLACK91130201131,9,11,30,2011,1015,937,9,10,99999,31,65,NA,22,106,1,227,128
BLACK,BLACK91130201131,9,11,30,2011,1015,937,9,10,99999,31,65,NA,22,106,1,207,94
BLACK,BLACK91130201131,9,11,30,2011,1015,937,9,10,99999,31,65,NA,22,106,1,170,48
BLACK,BLACK91130201131,9,11,30,2011,1015,937,9,10,99999,31,65,NA,22,106,1,194,80
BLACK,BLACK91130201131,9,11,30,2011,1015,937,9,10,99999,31,65,NA,22,106,1,236,124
BLACK,BLACK91130201131,9,11,30,2011,1015,937,9,10,99999,31,65,NA,22,106,1,200,84
BLACK,BLACK91130201131,9,11,30,2011,1015,937,9,10,99999,31,65,NA,22,106,1,185,64
BLACK,BLACK91130201131,9,11,30,2011,1015,937,9,10,99999,31,65,NA,22,106,1,162,36
BLACK,BLACK91130201131,9,11,30,2011,1015,937,9,10,99999,31,65,NA,22,106,1,195,72
BLACK,BLACK91130201131,9,11,30,2011,1015,937,9,10,99999,31,65,NA,22,106,1,173,46
BLACK,BLACK91130201131,9,11,30,2011,1015,937,9,10,99999,31,65,NA,22,106,1,181,58
BLACK,BLACK91130201131,9,11,30,2011,1015,937,9,10,99999,31,65,NA,22,106,1,187,72
BLACK,BLACK91130201131,9,11,30,2011,1015,937,9,10,99999,31,65,NA,22,106,1,214,106
BLACK,BLACK91130201131,9,11,30,2011,1015,937,9,10,99999,31,65,NA,22,106,1,214,102
BLACK,BLACK91130201131,9,11,30,2011,1015,937,9,10,99999,31,65,NA,22,106,1,185,54
BLACK,BLACK91130201131,9,11,30,2011,1015,937,9,10,99999,31,65,NA,22,106,1,148,28
BLACK,BLACK91130201131,9,11,30,2011,1015,937,9,10,99999,31,65,NA,22,106,1,174,48
BLACK,BLACK91130201131,9,11,30,2011,1015,937,9,10,99999,31,65,NA,22,106,1,175,50
BLACK,BLACK91130201131,9,11,30,2011,1015,937,9,10,99999,31,65,NA,22,106,1,205,86
BLACK,BLACK91130201131,9,11,30,2011,1015,937,9,10,99999,31,65,NA,22,106,1,172,50
BLACK,BLACK91130201131,9,11,30,2011,1015,937,9,10,99999,31,65,NA,22,106,1,172,52
BLACK,BLACK91130201131,9,11,30,2011,1015,937,9,10,99999,31,65,NA,22,106,1,205,88
BLACK,BLACK91130201131,9,11,30,2011,1015,937,9,10,99999,31,65,NA,22,106,1,161,40
BLACK,BLACK91130201131,9,11,30,2011,1015,937,9,10,99999,31,65,NA,22,106,1,161,42
BLACK,BLACK91130201131,9,11,30,2011,1015,937,9,10,99999,31,65,NA,22,106,1,178,56
BLACK,BLACK91130201131,9,11,30,2011,1015,937,9,10,99999,31,65,NA,22,106,1,174,54
BLACK,BLACK91130201131,9,11,30,2011,1015,937,9,10,99999,31,65,NA,22,106,1,208,86
BLACK,BLACK91130201131,9,11,30,2011,1015,937,9,10,99999,31,65,NA,22,106,1,180,60
BLACK,BLACK91130201131,9,11,30,2011,1015,937,9,10,99999,31,65,NA,22,106,1,215,102
BLACK,BLACK91130201131,9,11,30,2011,1015,937,9,10,99999,31,65,NA,22,106,1,200,82
BLACK,BLACK91130201131,9,11,30,2011,1015,937,9,10,99999,31,65,NA,22,106,1,225,116
BLACK,BLACK91130201131,9,11,30,2011,1015,937,9,10,99999,31,65,NA,22,106,1,166,40
BLACK,BLACK91130201131,9,11,30,2011,1015,937,9,10,99999,31,65,NA,22,106,1,220,104
BLACK,BLACK91130201131,9,11,30,2011,1015,937,9,10,99999,31,65,NA,22,106,1,190,74
BLACK,BLACK91130201131,9,11,30,2011,1015,937,9,10,99999,31,65,NA,22,106,1,178,62
BLACK,BLACK91130201131,9,11,30,2011,1015,937,9,10,99999,31,65,NA,22,106,1,170,50
BLACK,BLACK91130201131,9,11,30,2011,1015,937,9,10,99999,31,65,NA,22,106,1,166,44
BLACK,BLACK91130201131,9,11,30,2011,1015,937,9,10,99999,31,65,NA,22,106,1,167,44
BLACK,BLACK91130201131,9,11,30,2011,1015,937,9,10,99999,31,65,NA,22,106,1,171,54
BLACK,BLACK91130201131,9,11,30,2011,1015,937,9,10,99999,31,65,NA,22,106,1,151,32
BLACK,BLACK91130201131,9,11,30,2011,1015,937,9,10,99999,31,65,NA,22,106,1,100,8
BLACK,BLACK91130201131,9,11,30,2011,1015,937,9,10,99999,31,65,NA,22,106,1,151,34
BLACK,BLACK101130201131,10,11,30,2011,1030,937,8,12,99999,31,65,NA,22,106,1,285,334
BLACK,BLACK101130201131,10,11,30,2011,1030,937,8,12,99999,31,65,NA,22,106,1,294,376
BLACK,BLACK101130201131,10,11,30,2011,1030,937,8,12,99999,31,65,NA,22,106,1,206,100
BLACK,BLACK101130201131,10,11,30,2011,1030,937,8,12,99999,31,65,NA,22,106,1,230,122
BLACK,BLACK101130201131,10,11,30,2011,1030,937,8,12,99999,31,65,NA,22,106,1,215,92
BLACK,BLACK101130201131,10,11,30,2011,1030,937,8,12,99999,31,65,NA,22,106,1,248,184
BLACK,BLACK101130201131,10,11,30,2011,1030,937,8,12,99999,31,65,NA,22,106,1,268,302
BLACK,BLACK101130201131,10,11,30,2011,1030,937,8,12,99999,31,65,NA,22,106,1,333,602
BLACK,BLACK101130201131,10,11,30,2011,1030,937,8,12,99999,31,65,NA,22,106,1,269,276
BLACK,BLACK101130201131,10,11,30,2011,1030,937,8,12,99999,31,65,NA,22,106,1,188,76
BLACK,BLACK101130201131,10,11,30,2011,1030,937,8,12,99999,31,65,NA,22,106,1,258,244
BLACK,BLACK101130201131,10,11,30,2011,1030,937,8,12,99999,31,65,NA,22,106,1,350,856
BLACK,BLACK101130201131,10,11,30,2011,1030,937,8,12,99999,31,65,NA,22,106,1,264,256
BLACK,BLACK101130201131,10,11,30,2011,1030,937,8,12,99999,31,65,NA,22,106,1,304,426
BLACK,BLACK101130201131,10,11,30,2011,1030,937,8,12,99999,31,65,NA,22,106,1,226,126
BLACK,BLACK101130201131,10,11,30,2011,1030,937,8,12,99999,31,65,NA,22,106,1,192,76
BLACK,BLACK101130201131,10,11,30,2011,1030,937,8,12,99999,31,65,NA,22,106,1,189,68
BLACK,BLACK101130201131,10,11,30,2011,1030,937,8,12,99999,31,65,NA,22,106,1,211,90
BLACK,BLACK101130201131,10,11,30,2011,1030,937,8,12,99999,31,65,NA,22,106,1,215,112
BLACK,BLACK101130201131,10,11,30,2011,1030,937,8,12,99999,31,65,NA,22,106,1,205,98
BLACK,BLACK101130201131,10,11,30,2011,1030,937,8,12,99999,31,65,NA,22,106,1,230,120
BLACK,BLACK101130201131,10,11,30,2011,1030,937,8,12,99999,31,65,NA,22,106,1,187,68
BLACK,BLACK101130201131,10,11,30,2011,1030,937,8,12,99999,31,65,NA,22,106,1,240,142
BLACK,BLACK101130201131,10,11,30,2011,1030,937,8,12,99999,31,65,NA,22,106,1,213,106
BLACK,BLACK101130201131,10,11,30,2011,1030,937,8,12,99999,31,65,NA,22,106,1,122,16
BLACK,BLACK101130201131,10,11,30,2011,1030,937,8,12,99999,31,65,NA,22,106,1,177,56
BLACK,BLACK101130201131,10,11,30,2011,1030,937,8,12,99999,31,65,NA,22,106,1,170,46
BLACK,BLACK101130201131,10,11,30,2011,1030,937,8,12,99999,31,65,NA,22,106,1,123,16
BLACK,BLACK101130201131,10,11,30,2011,1030,937,8,12,99999,31,65,NA,22,106,1,110,12
BLACK,BLACK111130201131,11,11,30,2011,1041,937,8,NA,99999,31,65,NA,22,106,1,202,90
BLACK,BLACK111130201131,11,11,30,2011,1041,937,8,NA,99999,31,65,NA,22,106,1,232,106
BLACK,BLACK111130201131,11,11,30,2011,1041,937,8,NA,99999,31,65,NA,22,106,1,228,122
BLACK,BLACK111130201131,11,11,30,2011,1041,937,8,NA,99999,31,65,NA,22,106,1,175,58
BLACK,BLACK111130201131,11,11,30,2011,1041,937,8,NA,99999,31,65,NA,22,106,1,231,132
BLACK,BLACK111130201131,11,11,30,2011,1041,937,8,NA,99999,31,65,NA,22,106,1,237,136
BLACK,BLACK111130201131,11,11,30,2011,1041,937,8,NA,99999,31,65,NA,22,106,1,221,120
BLACK,BLACK111130201131,11,11,30,2011,1041,937,8,NA,99999,31,65,NA,22,106,1,181,62
BLACK,BLACK111130201131,11,11,30,2011,1041,937,8,NA,99999,31,65,NA,22,106,1,224,124
BLACK,BLACK111130201131,11,11,30,2011,1041,937,8,NA,99999,31,65,NA,22,106,1,207,100
BLACK,BLACK111130201131,11,11,30,2011,1041,937,8,NA,99999,31,65,NA,22,106,1,221,108
BLACK,BLACK111130201131,11,11,30,2011,1041,937,8,NA,99999,31,65,NA,22,106,1,182,60
BLACK,BLACK111130201131,11,11,30,2011,1041,937,8,NA,99999,31,65,NA,22,106,1,94,8
BLACK,BLACK111130201131,11,11,30,2011,1041,937,8,NA,99999,31,65,NA,22,106,1,264,232
BLACK,BLACK111130201131,11,11,30,2011,1041,937,8,NA,99999,31,65,NA,22,106,1,298,380
BLACK,BLACK121130201131,12,11,30,2011,1053,937,9,NA,99999,31,65,NA,22,106,1,286,410
BLACK,BLACK121130201131,12,11,30,2011,1053,937,9,NA,99999,31,65,NA,22,106,1,268,228
BLACK,BLACK121130201131,12,11,30,2011,1053,937,9,NA,99999,31,65,NA,22,106,1,336,564
BLACK,BLACK121130201131,12,11,30,2011,1053,937,9,NA,99999,31,65,NA,22,106,1,270,280
BLACK,BLACK121130201131,12,11,30,2011,1053,937,9,NA,99999,31,65,NA,22,106,1,235,152
BLACK,BLACK121130201131,12,11,30,2011,1053,937,9,NA,99999,31,65,NA,22,106,1,231,126
BLACK,BLACK121130201131,12,11,30,2011,1053,937,9,NA,99999,31,65,NA,22,106,1,255,182
BLACK,BLACK121130201131,12,11,30,2011,1053,937,9,NA,99999,31,65,NA,22,106,1,256,186
BLACK,BLACK121130201131,12,11,30,2011,1053,937,9,NA,99999,31,65,NA,22,106,1,304,470
BLACK,BLACK121130201131,12,11,30,2011,1053,937,9,NA,99999,31,65,NA,22,106,1,237,128
BLACK,BLACK121130201131,12,11,30,2011,1053,937,9,NA,99999,31,65,NA,22,106,1,253,186
BLACK,BLACK121130201131,12,11,30,2011,1053,937,9,NA,99999,31,65,NA,22,106,1,264,248
BLACK,BLACK121130201131,12,11,30,2011,1053,937,9,NA,99999,31,65,NA,22,106,1,334,696
BLACK,BLACK121130201131,12,11,30,2011,1053,937,9,NA,99999,31,65,NA,22,106,1,229,108
BLACK,BLACK121130201131,12,11,30,2011,1053,937,9,NA,99999,31,65,NA,22,106,1,220,116
BLACK,BLACK121130201131,12,11,30,2011,1053,937,9,NA,99999,31,65,NA,22,106,1,246,184
BLACK,BLACK121130201131,12,11,30,2011,1053,937,9,NA,99999,31,65,NA,22,106,1,229,126
BLACK,BLACK121130201131,12,11,30,2011,1053,937,9,NA,99999,31,65,NA,22,106,1,235,146
BLACK,BLACK121130201131,12,11,30,2011,1053,937,9,NA,99999,31,65,NA,22,106,1,252,202
BLACK,BLACK121130201131,12,11,30,2011,1053,937,9,NA,99999,31,65,NA,22,106,1,210,94
BLACK,BLACK121130201131,12,11,30,2011,1053,937,9,NA,99999,31,65,NA,22,106,1,235,130
BLACK,BLACK121130201131,12,11,30,2011,1053,937,9,NA,99999,31,65,NA,22,106,1,235,128
BLACK,BLACK121130201131,12,11,30,2011,1053,937,9,NA,99999,31,65,NA,22,106,1,170,48
BLACK,BLACK121130201131,12,11,30,2011,1053,937,9,NA,99999,31,65,NA,22,106,1,286,360
BLACK,BLACK121130201131,12,11,30,2011,1053,937,9,NA,99999,31,65,NA,22,106,1,175,54
BLACK,BLACK121130201131,12,11,30,2011,1053,937,9,NA,99999,31,65,NA,22,106,1,202,84
BLACK,BLACK121130201131,12,11,30,2011,1053,937,9,NA,99999,31,65,NA,22,106,1,225,106
BLACK,BLACK121130201131,12,11,30,2011,1053,937,9,NA,99999,31,65,NA,22,106,1,237,136
BLACK,BLACK121130201131,12,11,30,2011,1053,937,9,NA,99999,31,65,NA,22,106,1,209,96
BLACK,BLACK121130201131,12,11,30,2011,1053,937,9,NA,99999,31,65,NA,22,106,1,184,62
BLACK,BLACK121130201131,12,11,30,2011,1053,937,9,NA,99999,31,65,NA,22,106,1,242,144
BLACK,BLACK121130201131,12,11,30,2011,1053,937,9,NA,99999,31,65,NA,22,106,1,224,126
BLACK,BLACK121130201131,12,11,30,2011,1053,937,9,NA,99999,31,65,NA,22,106,1,225,120
BLACK,BLACK121130201131,12,11,30,2011,1053,937,9,NA,99999,31,65,NA,22,106,1,216,94
BLACK,BLACK121130201131,12,11,30,2011,1053,937,9,NA,99999,31,65,NA,22,106,1,192,76
BLACK,BLACK121130201131,12,11,30,2011,1053,937,9,NA,99999,31,65,NA,22,106,1,195,70
BLACK,BLACK121130201131,12,11,30,2011,1053,937,9,NA,99999,31,65,NA,22,106,1,170,50
BLACK,BLACK121130201131,12,11,30,2011,1053,937,9,NA,99999,31,65,NA,22,106,1,189,68
BLACK,BLACK121130201131,12,11,30,2011,1053,937,9,NA,99999,31,65,NA,22,106,1,202,80
BLACK,BLACK121130201131,12,11,30,2011,1053,937,9,NA,99999,31,65,NA,22,106,1,230,134
BLACK,BLACK121130201131,12,11,30,2011,1053,937,9,NA,99999,31,65,NA,22,106,1,220,106
BLACK,BLACK121130201131,12,11,30,2011,1053,937,9,NA,99999,31,65,NA,22,106,1,268,146
BLACK,BLACK121130201131,12,11,30,2011,1053,937,9,NA,99999,31,65,NA,22,106,1,125,18
BLACK,BLACK121130201131,12,11,30,2011,1053,937,9,NA,99999,31,65,NA,22,106,1,167,40
BLACK,BLACK121130201131,12,11,30,2011,1053,937,9,NA,99999,31,65,NA,22,106,1,242,120
BLACK,BLACK121130201131,12,11,30,2011,1053,937,9,NA,99999,31,65,NA,22,106,1,216,110
BLACK,BLACK121130201131,12,11,30,2011,1053,937,9,NA,99999,31,65,NA,22,106,1,119,18
BLACK,BLACK121130201131,12,11,30,2011,1053,937,9,NA,99999,31,65,NA,22,106,1,180,58
BLACK,BLACK121130201131,12,11,30,2011,1053,937,9,NA,99999,31,65,NA,22,106,1,166,46
BLACK,BLACK121130201131,12,11,30,2011,1053,937,9,NA,99999,31,65,NA,22,106,1,170,52
BLACK,BLACK121130201131,12,11,30,2011,1053,937,9,NA,99999,31,65,NA,22,106,1,170,50
BLACK,BLACK121130201131,12,11,30,2011,1053,937,9,NA,99999,31,65,NA,22,106,1,163,44
BLACK,BLACK121130201131,12,11,30,2011,1053,937,9,NA,99999,31,65,NA,22,106,1,164,48
BLACK,BLACK131130201131,13,11,30,2011,1109,937,NA,NA,99999,31,65,NA,22,106,1,208,102
BLACK,BLACK131130201131,13,11,30,2011,1109,937,NA,NA,99999,31,65,NA,22,106,1,211,102
BLACK,BLACK131130201131,13,11,30,2011,1109,937,NA,NA,99999,31,65,NA,22,106,1,178,66
BLACK,BLACK131130201131,13,11,30,2011,1109,937,NA,NA,99999,31,65,NA,22,106,1,188,72
BLACK,BLACK131130201131,13,11,30,2011,1109,937,NA,NA,99999,31,65,NA,22,106,1,274,260
BLACK,BLACK131130201131,13,11,30,2011,1109,937,NA,NA,99999,31,65,NA,22,106,1,288,310
BLACK,BLACK131130201131,13,11,30,2011,1109,937,NA,NA,99999,31,65,NA,22,106,1,283,334
BLACK,BLACK141130201131,14,11,30,2011,1120,937,9,NA,99999,31,65,NA,22,106,1,212,110
BLACK,BLACK141130201131,14,11,30,2011,1120,937,9,NA,99999,31,65,NA,22,106,1,212,106
BLACK,BLACK141130201131,14,11,30,2011,1120,937,9,NA,99999,31,65,NA,22,106,1,213,102
BLACK,BLACK141130201131,14,11,30,2011,1120,937,9,NA,99999,31,65,NA,22,106,1,180,60
BLACK,BLACK141130201131,14,11,30,2011,1120,937,9,NA,99999,31,65,NA,22,106,1,203,84
BLACK,BLACK141130201131,14,11,30,2011,1120,937,9,NA,99999,31,65,NA,22,106,1,209,98
BLACK,BLACK141130201131,14,11,30,2011,1120,937,9,NA,99999,31,65,NA,22,106,1,245,158
BLACK,BLACK141130201131,14,11,30,2011,1120,937,9,NA,99999,31,65,NA,22,106,1,260,230
BLACK,BLACK141130201131,14,11,30,2011,1120,937,9,NA,99999,31,65,NA,22,106,1,236,120
BLACK,BLACK141130201131,14,11,30,2011,1120,937,9,NA,99999,31,65,NA,22,106,1,187,72
BLACK,BLACK141130201131,14,11,30,2011,1120,937,9,NA,99999,31,65,NA,22,106,1,175,54
BLACK,BLACK141130201131,14,11,30,2011,1120,937,9,NA,99999,31,65,NA,22,106,1,168,50
BLACK,BLACK141130201131,14,11,30,2011,1120,937,9,NA,99999,31,65,NA,22,106,1,182,60
BLACK,BLACK20111201131,20,11,1,2011,1043,937,9,NA,99999,31,65,NA,22,106,1,200,78
BLACK,BLACK20111201131,20,11,1,2011,1043,937,9,NA,99999,31,65,NA,22,106,1,172,58
BLACK,BLACK20111201131,20,11,1,2011,1043,937,9,NA,99999,31,65,NA,22,106,1,269,246
BLACK,BLACK20111201131,20,11,1,2011,1043,937,9,NA,99999,31,65,NA,22,106,1,295,378
BLACK,BLACK20111201131,20,11,1,2011,1043,937,9,NA,99999,31,65,NA,22,106,1,298,418
BLACK,BLACK20111201131,20,11,1,2011,1043,937,9,NA,99999,31,65,NA,22,106,1,307,446
BLACK,BLACK20111201131,20,11,1,2011,1043,937,9,NA,99999,31,65,NA,22,106,1,246,152
BLACK,BLACK20111201131,20,11,1,2011,1043,937,9,NA,99999,31,65,NA,22,106,1,187,72
BLACK,BLACK20111201131,20,11,1,2011,1043,937,9,NA,99999,31,65,NA,22,106,1,183,64
BLACK,BLACK20111201131,20,11,1,2011,1043,937,9,NA,99999,31,65,NA,22,106,1,197,80
BLACK,BLACK20111201131,20,11,1,2011,1043,937,9,NA,99999,31,65,NA,22,106,1,155,40
BLACK,BLACK20111201131,20,11,1,2011,1043,937,9,NA,99999,31,65,NA,22,106,1,173,52
BLACK,BLACK20111201131,20,11,1,2011,1043,937,9,NA,99999,31,65,NA,22,106,1,213,98
BLACK,BLACK20111201131,20,11,1,2011,1043,937,9,NA,99999,31,65,NA,22,106,1,185,70
BLACK,BLACK20111201131,20,11,1,2011,1043,937,9,NA,99999,31,65,NA,22,106,1,196,86
BLACK,BLACK20111201131,20,11,1,2011,1043,937,9,NA,99999,31,65,NA,22,106,1,175,60
BLACK,BLACK20111201131,20,11,1,2011,1043,937,9,NA,99999,31,65,NA,22,106,1,109,10
BLACK,BLACK19111201131,19,11,1,2011,1033,937,9,NA,99999,31,65,NA,22,106,1,233,142
BLACK,BLACK19111201131,19,11,1,2011,1033,937,9,NA,99999,31,65,NA,22,106,1,165,42
BLACK,BLACK19111201131,19,11,1,2011,1033,937,9,NA,99999,31,65,NA,22,106,1,243,162
BLACK,BLACK19111201131,19,11,1,2011,1033,937,9,NA,99999,31,65,NA,22,106,1,195,78
BLACK,BLACK19111201131,19,11,1,2011,1033,937,9,NA,99999,31,65,NA,22,106,1,247,167
BLACK,BLACK19111201131,19,11,1,2011,1033,937,9,NA,99999,31,65,NA,22,106,1,243,142
BLACK,BLACK19111201131,19,11,1,2011,1033,937,9,NA,99999,31,65,NA,22,106,1,186,64
BLACK,BLACK18111201131,18,11,1,2011,1117,937,9,NA,99999,31,65,NA,22,106,1,298,364
BLACK,BLACK18111201131,18,11,1,2011,1117,937,9,NA,99999,31,65,NA,22,106,1,257,216
BLACK,BLACK18111201131,18,11,1,2011,1117,937,9,NA,99999,31,65,NA,22,106,1,218,102
BLACK,BLACK18111201131,18,11,1,2011,1117,937,9,NA,99999,31,65,NA,22,106,1,215,110
BLACK,BLACK18111201131,18,11,1,2011,1117,937,9,NA,99999,31,65,NA,22,106,1,175,56
BLACK,BLACK18111201131,18,11,1,2011,1117,937,9,NA,99999,31,65,NA,22,106,1,217,108
BLACK,BLACK18111201131,18,11,1,2011,1117,937,9,NA,99999,31,65,NA,22,106,1,197,80
BLACK,BLACK18111201131,18,11,1,2011,1117,937,9,NA,99999,31,65,NA,22,106,1,212,100
BLACK,BLACK18111201131,18,11,1,2011,1117,937,9,NA,99999,31,65,NA,22,106,1,204,90
BLACK,BLACK18111201131,18,11,1,2011,1117,937,9,NA,99999,31,65,NA,22,106,1,180,60
BLACK,BLACK18111201131,18,11,1,2011,1117,937,9,NA,99999,31,65,NA,22,106,1,208,92
BLACK,BLACK18111201131,18,11,1,2011,1117,937,9,NA,99999,31,65,NA,22,106,1,192,78
BLACK,BLACK18111201131,18,11,1,2011,1117,937,9,NA,99999,31,65,NA,22,106,1,232,154
BLACK,BLACK18111201131,18,11,1,2011,1117,937,9,NA,99999,31,65,NA,22,106,1,218,102
BLACK,BLACK18111201131,18,11,1,2011,1117,937,9,NA,99999,31,65,NA,22,106,1,160,36
BLACK,BLACK18111201131,18,11,1,2011,1117,937,9,NA,99999,31,65,NA,22,106,1,195,80
BLACK,BLACK18111201131,18,11,1,2011,1117,937,9,NA,99999,31,65,NA,22,106,1,196,84
BLACK,BLACK18111201131,18,11,1,2011,1117,937,9,NA,99999,31,65,NA,22,106,1,229,124
BLACK,BLACK18111201131,18,11,1,2011,1117,937,9,NA,99999,31,65,NA,22,106,1,219,110
BLACK,BLACK18111201131,18,11,1,2011,1117,937,9,NA,99999,31,65,NA,22,106,1,211,102
BLACK,BLACK18111201131,18,11,1,2011,1117,937,9,NA,99999,31,65,NA,22,106,1,191,76
BLACK,BLACK18111201131,18,11,1,2011,1117,937,9,NA,99999,31,65,NA,22,106,1,243,138
BLACK,BLACK18111201131,18,11,1,2011,1117,937,9,NA,99999,31,65,NA,22,106,1,195,80
BLACK,BLACK18111201131,18,11,1,2011,1117,937,9,NA,99999,31,65,NA,22,106,1,219,108
BLACK,BLACK18111201131,18,11,1,2011,1117,937,9,NA,99999,31,65,NA,22,106,1,199,86
BLACK,BLACK18111201131,18,11,1,2011,1117,937,9,NA,99999,31,65,NA,22,106,1,201,84
BLACK,BLACK18111201131,18,11,1,2011,1117,937,9,NA,99999,31,65,NA,22,106,1,225,110
BLACK,BLACK18111201131,18,11,1,2011,1117,937,9,NA,99999,31,65,NA,22,106,1,263,260
BLACK,BLACK18111201131,18,11,1,2011,1117,937,9,NA,99999,31,65,NA,22,106,1,293,350
BLACK,BLACK18111201131,18,11,1,2011,1117,937,9,NA,99999,31,65,NA,22,106,1,230,110
BLACK,BLACK18111201131,18,11,1,2011,1117,937,9,NA,99999,31,65,NA,22,106,1,197,74
BLACK,BLACK18111201131,18,11,1,2011,1117,937,9,NA,99999,31,65,NA,22,106,1,209,98
BLACK,BLACK18111201131,18,11,1,2011,1117,937,9,NA,99999,31,65,NA,22,106,1,224,116
BLACK,BLACK18111201131,18,11,1,2011,1117,937,9,NA,99999,31,65,NA,22,106,1,239,148
BLACK,BLACK18111201131,18,11,1,2011,1117,937,9,NA,99999,31,65,NA,22,106,1,168,46
BLACK,BLACK18111201131,18,11,1,2011,1117,937,9,NA,99999,31,65,NA,22,106,1,216,108
BLACK,BLACK18111201131,18,11,1,2011,1117,937,9,NA,99999,31,65,NA,22,106,1,195,74
BLACK,BLACK18111201131,18,11,1,2011,1117,937,9,NA,99999,31,65,NA,22,106,1,174,52
BLACK,BLACK18111201131,18,11,1,2011,1117,937,9,NA,99999,31,65,NA,22,106,1,185,60
BLACK,BLACK18111201131,18,11,1,2011,1117,937,9,NA,99999,31,65,NA,22,106,1,220,116
BLACK,BLACK18111201131,18,11,1,2011,1117,937,9,NA,99999,31,65,NA,22,106,1,173,44
BLACK,BLACK18111201131,18,11,1,2011,1117,937,9,NA,99999,31,65,NA,22,106,1,173,44
BLACK,BLACK18111201131,18,11,1,2011,1117,937,9,NA,99999,31,65,NA,22,106,1,193,72
BLACK,BLACK18111201131,18,11,1,2011,1117,937,9,NA,99999,31,65,NA,22,106,1,179,50
BLACK,BLACK18111201131,18,11,1,2011,1117,937,9,NA,99999,31,65,NA,22,106,1,181,58
BLACK,BLACK18111201131,18,11,1,2011,1117,937,9,NA,99999,31,65,NA,22,106,1,182,58
BLACK,BLACK18111201131,18,11,1,2011,1117,937,9,NA,99999,31,65,NA,22,106,1,183,58
BLACK,BLACK18111201131,18,11,1,2011,1117,937,9,NA,99999,31,65,NA,22,106,1,176,54
BLACK,BLACK15111201131,15,11,1,2011,1047,937,9,NA,99999,31,65,NA,22,106,1,174,56
BLACK,BLACK15111201131,15,11,1,2011,1047,937,9,NA,99999,31,65,NA,22,106,1,204,96
BLACK,BLACK15111201131,15,11,1,2011,1047,937,9,NA,99999,31,65,NA,22,106,1,190,76
BLACK,BLACK15111201131,15,11,1,2011,1047,937,9,NA,99999,31,65,NA,22,106,1,173,58
BLACK,BLACK15111201131,15,11,1,2011,1047,937,9,NA,99999,31,65,NA,22,106,1,223,122
BLACK,BLACK15111201131,15,11,1,2011,1047,937,9,NA,99999,31,65,NA,22,106,1,209,102
BLACK,BLACK15111201131,15,11,1,2011,1047,937,9,NA,99999,31,65,NA,22,106,1,224,116
BLACK,BLACK15111201131,15,11,1,2011,1047,937,9,NA,99999,31,65,NA,22,106,1,203,94
BLACK,BLACK15111201131,15,11,1,2011,1047,937,9,NA,99999,31,65,NA,22,106,1,177,64
BLACK,BLACK15111201131,15,11,1,2011,1047,937,9,NA,99999,31,65,NA,22,106,1,184,66
BLACK,BLACK15111201131,15,11,1,2011,1047,937,9,NA,99999,31,65,NA,22,106,1,219,118
BLACK,BLACK15111201131,15,11,1,2011,1047,937,9,NA,99999,31,65,NA,22,106,1,213,112
BLACK,BLACK15111201131,15,11,1,2011,1047,937,9,NA,99999,31,65,NA,22,106,1,230,132
BLACK,BLACK15111201131,15,11,1,2011,1047,937,9,NA,99999,31,65,NA,22,106,1,240,174
BLACK,BLACK15111201131,15,11,1,2011,1047,937,9,NA,99999,31,65,NA,22,106,1,219,124
BLACK,BLACK15111201131,15,11,1,2011,1047,937,9,NA,99999,31,65,NA,22,106,1,162,48
BLACK,BLACK15111201131,15,11,1,2011,1047,937,9,NA,99999,31,65,NA,22,106,1,100,8
BLACK,BLACK15111201131,15,11,1,2011,1047,937,9,NA,99999,31,65,NA,22,106,1,178,64
BLACK,BLACK15111201131,15,11,1,2011,1047,937,9,NA,99999,31,65,NA,22,106,1,205,92
BLACK,BLACK15111201131,15,11,1,2011,1047,937,9,NA,99999,31,65,NA,22,106,1,190,70
BLACK,BLACK15111201131,15,11,1,2011,1047,937,9,NA,99999,31,65,NA,22,106,1,173,60
BLACK,BLACK15111201131,15,11,1,2011,1047,937,9,NA,99999,31,65,NA,22,106,1,220,114
BLACK,BLACK15111201131,15,11,1,2011,1047,937,9,NA,99999,31,65,NA,22,106,1,225,130
BLACK,BLACK15111201131,15,11,1,2011,1047,937,9,NA,99999,31,65,NA,22,106,1,180,62
BLACK,BLACK15111201131,15,11,1,2011,1047,937,9,NA,99999,31,65,NA,22,106,1,182,70
BLACK,BLACK15111201131,15,11,1,2011,1047,937,9,NA,99999,31,65,NA,22,106,1,182,70
BLACK,BLACK15111201131,15,11,1,2011,1047,937,9,NA,99999,31,65,NA,22,106,1,223,118
BLACK,BLACK15111201131,15,11,1,2011,1047,937,9,NA,99999,31,65,NA,22,106,1,165,52
BLACK,BLACK15111201131,15,11,1,2011,1047,937,9,NA,99999,31,65,NA,22,106,1,312,498
BLACK,BLACK15111201131,15,11,1,2011,1047,937,9,NA,99999,31,65,NA,22,106,1,120,16
BLACK,BLACK15111201131,15,11,1,2011,1047,937,9,NA,99999,31,65,NA,22,106,1,289,360
BLACK,BLACK15111201131,15,11,1,2011,1047,937,9,NA,99999,31,65,NA,22,106,1,300,390
BLACK,BLACK15111201131,15,11,1,2011,1047,937,9,NA,99999,31,65,NA,22,106,1,274,266
BLACK,BLACK17111201131,17,11,1,2011,1105,937,9,NA,99999,31,65,NA,22,106,1,222,112
BLACK,BLACK17111201131,17,11,1,2011,1105,937,9,NA,99999,31,65,NA,22,106,1,190,62
BLACK,BLACK17111201131,17,11,1,2011,1105,937,9,NA,99999,31,65,NA,22,106,1,275,308
BLACK,BLACK17111201131,17,11,1,2011,1105,937,9,NA,99999,31,65,NA,22,106,1,217,102
BLACK,BLACK17111201131,17,11,1,2011,1105,937,9,NA,99999,31,65,NA,22,106,1,220,96
BLACK,BLACK17111201131,17,11,1,2011,1105,937,9,NA,99999,31,65,NA,22,106,1,207,104
BLACK,BLACK17111201131,17,11,1,2011,1105,937,9,NA,99999,31,65,NA,22,106,1,175,56
BLACK,BLACK17111201131,17,11,1,2011,1105,937,9,NA,99999,31,65,NA,22,106,1,190,70
BLACK,BLACK17111201131,17,11,1,2011,1105,937,9,NA,99999,31,65,NA,22,106,1,178,48
BLACK,BLACK17111201131,17,11,1,2011,1105,937,9,NA,99999,31,65,NA,22,106,1,186,64
BLACK,BLACK17111201131,17,11,1,2011,1105,937,9,NA,99999,31,65,NA,22,106,1,225,114
BLACK,BLACK17111201131,17,11,1,2011,1105,937,9,NA,99999,31,65,NA,22,106,1,200,82
BLACK,BLACK17111201131,17,11,1,2011,1105,937,9,NA,99999,31,65,NA,22,106,1,193,76
BLACK,BLACK17111201131,17,11,1,2011,1105,937,9,NA,99999,31,65,NA,22,106,1,174,48
BLACK,BLACK17111201131,17,11,1,2011,1105,937,9,NA,99999,31,65,NA,22,106,1,167,48
BLACK,BLACK17111201131,17,11,1,2011,1105,937,9,NA,99999,31,65,NA,22,106,1,269,268
BLACK,BLACK17111201131,17,11,1,2011,1105,937,9,NA,99999,31,65,NA,22,106,1,216,110
BLACK,BLACK17111201131,17,11,1,2011,1105,937,9,NA,99999,31,65,NA,22,106,1,205,74
BLACK,BLACK17111201131,17,11,1,2011,1105,937,9,NA,99999,31,65,NA,22,106,1,157,40
BLACK,BLACK17111201131,17,11,1,2011,1105,937,9,NA,99999,31,65,NA,22,106,1,119,14
BLACK,BLACK17111201131,17,11,1,2011,1105,937,9,NA,99999,31,65,NA,22,106,1,187,66
BLACK,BLACK17111201131,17,11,1,2011,1105,937,9,NA,99999,31,65,NA,22,106,1,226,124
BLACK,BLACK17111201131,17,11,1,2011,1105,937,9,NA,99999,31,65,NA,22,106,1,206,104
BLACK,BLACK17111201131,17,11,1,2011,1105,937,9,NA,99999,31,65,NA,22,106,1,217,108
BLACK,BLACK17111201131,17,11,1,2011,1105,937,9,NA,99999,31,65,NA,22,106,1,220,106
BLACK,BLACK17111201131,17,11,1,2011,1105,937,9,NA,99999,31,65,NA,22,106,1,195,88
BLACK,BLACK17111201131,17,11,1,2011,1105,937,9,NA,99999,31,65,NA,22,106,1,213,100
BLACK,BLACK17111201131,17,11,1,2011,1105,937,9,NA,99999,31,65,NA,22,106,1,215,108
BLACK,BLACK17111201131,17,11,1,2011,1105,937,9,NA,99999,31,65,NA,22,106,1,217,116
BLACK,BLACK17111201131,17,11,1,2011,1105,937,9,NA,99999,31,65,NA,22,106,1,215,104
BLACK,BLACK17111201131,17,11,1,2011,1105,937,9,NA,99999,31,65,NA,22,106,1,162,44
BLACK,BLACK17111201131,17,11,1,2011,1105,937,9,NA,99999,31,65,NA,22,106,1,168,46
BLACK,BLACK17111201131,17,11,1,2011,1105,937,9,NA,99999,31,65,NA,22,106,1,200,84
BLACK,BLACK17111201131,17,11,1,2011,1105,937,9,NA,99999,31,65,NA,22,106,1,203,90
BLACK,BLACK17111201131,17,11,1,2011,1105,937,9,NA,99999,31,65,NA,22,106,1,192,70
BLACK,BLACK17111201131,17,11,1,2011,1105,937,9,NA,99999,31,65,NA,22,106,1,168,44
BLACK,BLACK17111201131,17,11,1,2011,1105,937,9,NA,99999,31,65,NA,22,106,1,239,158
BLACK,BLACK17111201131,17,11,1,2011,1105,937,9,NA,99999,31,65,NA,22,106,1,303,440
BLACK,BLACK17111201131,17,11,1,2011,1105,937,9,NA,99999,31,65,NA,22,106,1,203,86
BLACK,BLACK17111201131,17,11,1,2011,1105,937,9,NA,99999,31,65,NA,22,106,1,214,102
BLACK,BLACK17111201131,17,11,1,2011,1105,937,9,NA,99999,31,65,NA,22,106,1,212,98
BLACK,BLACK17111201131,17,11,1,2011,1105,937,9,NA,99999,31,65,NA,22,106,1,177,58
BLACK,BLACK17111201131,17,11,1,2011,1105,937,9,NA,99999,31,65,NA,22,106,1,174,58
BLACK,BLACK17111201131,17,11,1,2011,1105,937,9,NA,99999,31,65,NA,22,106,1,203,94
BLACK,BLACK17111201131,17,11,1,2011,1105,937,9,NA,99999,31,65,NA,22,106,1,223,114
BLACK,BLACK17111201131,17,11,1,2011,1105,937,9,NA,99999,31,65,NA,22,106,1,222,120
BLACK,BLACK17111201131,17,11,1,2011,1105,937,9,NA,99999,31,65,NA,22,106,1,222,138
BLACK,BLACK17111201131,17,11,1,2011,1105,937,9,NA,99999,31,65,NA,22,106,1,179,58
BLACK,BLACK17111201131,17,11,1,2011,1105,937,9,NA,99999,31,65,NA,22,106,1,169,48
BLACK,BLACK17111201131,17,11,1,2011,1105,937,9,NA,99999,31,65,NA,22,106,1,197,88
BLACK,BLACK17111201131,17,11,1,2011,1105,937,9,NA,99999,31,65,NA,22,106,1,186,70
BLACK,BLACK17111201131,17,11,1,2011,1105,937,9,NA,99999,31,65,NA,22,106,1,174,60
BLACK,BLACK17111201131,17,11,1,2011,1105,937,9,NA,99999,31,65,NA,22,106,1,174,56
BLACK,BLACK17111201131,17,11,1,2011,1105,937,9,NA,99999,31,65,NA,22,106,1,192,78
BLACK,BLACK17111201131,17,11,1,2011,1105,937,9,NA,99999,31,65,NA,22,106,1,110,12
BLACK,BLACK17111201131,17,11,1,2011,1105,937,9,NA,99999,31,65,NA,22,106,1,209,100
BLACK,BLACK17111201131,17,11,1,2011,1105,937,9,NA,99999,31,65,NA,22,106,1,184,70
BLACK,BLACK17111201131,17,11,1,2011,1105,937,9,NA,99999,31,65,NA,22,106,1,165,52
BLACK,BLACK17111201131,17,11,1,2011,1105,937,9,NA,99999,31,65,NA,22,106,1,162,50
BLACK,BLACK17111201131,17,11,1,2011,1105,937,9,NA,99999,31,65,NA,22,106,1,220,98
BLACK,BLACK17111201131,17,11,1,2011,1105,937,9,NA,99999,31,65,NA,22,106,1,165,52
BLACK,BLACK17111201131,17,11,1,2011,1105,937,9,NA,99999,31,65,NA,22,106,1,118,12
BLACK,BLACK17111201131,17,11,1,2011,1105,937,9,NA,99999,31,65,NA,22,106,1,174,54
BLACK,BLACK17111201131,17,11,1,2011,1105,937,9,NA,99999,31,65,NA,22,106,1,189,68
BLACK,BLACK17111201131,17,11,1,2011,1105,937,9,NA,99999,31,65,NA,22,106,1,160,50
BLACK,BLACK17111201131,17,11,1,2011,1105,937,9,NA,99999,31,65,NA,22,106,1,163,44
BLACK,BLACK17111201131,17,11,1,2011,1105,937,9,NA,99999,31,65,NA,22,106,1,163,48
BLACK,BLACK17111201131,17,11,1,2011,1105,937,9,NA,99999,31,65,NA,22,106,1,166,48
BLACK,BLACK17111201131,17,11,1,2011,1105,937,9,NA,99999,31,65,NA,22,106,1,163,50
BLACK,BLACK17111201131,17,11,1,2011,1105,937,9,NA,99999,31,65,NA,22,106,1,119,16
BLACK,BLACK17111201131,17,11,1,2011,1105,937,9,NA,99999,31,65,NA,22,106,1,194,74
BLACK,BLACK17111201131,17,11,1,2011,1105,937,9,NA,99999,31,65,NA,22,106,1,178,60
BLACK,BLACK17111201131,17,11,1,2011,1105,937,9,NA,99999,31,65,NA,22,106,1,234,142
BLACK,BLACK17111201131,17,11,1,2011,1105,937,9,NA,99999,31,65,NA,22,106,1,220,116
BLACK,BLACK17111201131,17,11,1,2011,1105,937,9,NA,99999,31,65,NA,22,106,1,210,92
BLACK,BLACK17111201131,17,11,1,2011,1105,937,9,NA,99999,31,65,NA,22,106,1,186,76
BLACK,BLACK17111201131,17,11,1,2011,1105,937,9,NA,99999,31,65,NA,22,106,1,174,56
BLACK,BLACK17111201131,17,11,1,2011,1105,937,9,NA,99999,31,65,NA,22,106,1,112,14
BLACK,BLACK17111201131,17,11,1,2011,1105,937,9,NA,99999,31,65,NA,22,107,1,165,58
BLACK,BLACK16111201131,16,11,1,2011,1057,937,NA,NA,99999,31,65,NA,22,98,1,NA,NA
